userid	username	firstname	lastname	city	state	email	phone	likesports	liketheatre	likeconcerts	likejazz	likeclassical	likeopera	likerock	likevegas	likebroadway	likemusicals
1	JSG99FHE	Rafael	Taylor	Kent	WA	Etiam.laoreet.libero@sodalesMaurisblandit.edu	(664) 602-4412	true	true		false	true			true	false	true
2	PGL08LJI	Vladimir	Humphrey	Murfreesboro	SK	Suspendisse.tristique@nonnisiAenean.edu	(783) 492-1886				true	true			true	false	true
3	IFT66TXU	Lars	Ratliff	High Point	ME	amet.faucibus.ut@condimentumegetvolutpat.ca	(624) 767-2465	true	false		false		false	true			true
4	XDZ38RDD	Barry	Roy	Omaha	AB	sed@lacusUtnec.ca	(355) 452-8168	false	true		false						false
5	AEB55QTM	Reagan	Hodge	Forest Lake	NS	Cum@accumsan.com	(476) 519-9131			true	false			true	true	false	true
6	NDQ15VBM	Victor	Hernandez	Naperville	GA	turpis@accumsanlaoreet.org	(818) 765-4255	false			true		true	true	true	true	true
7	OWY35QYB	Tamekah	Juarez	Moultrie	WV	elementum@semperpretiumneque.ca	(297) 875-7247				true	true	false			false	false
8	AZG78YIP	Colton	Roy	Guayama	AK	ullamcorper.nisl@Cras.edu	(998) 934-9210			true	true		true	false		false	false
9	MSD36KVR	Mufutau	Watkins	Port Orford	MD	Integer.mollis.Integer@tristiquealiquet.org	(725) 719-7670	true	false		false	true				false	true
10	WKW41AIW	Naida	Calderon	Waterbury	MB	Donec.fringilla@sodalesat.org	(197) 726-8249	false	false	false		false	true		true		
11	MFN29TYU	Anika	Huff	Rawlins	MT	arcu.Curabitur@senectusetnetus.com	(419) 147-8207				true		true				
12	FVK28WAS	Bruce	Beck	Kona	OH	ac@velit.ca	(617) 527-9908			false			false				
13	QTF33MCG	Henry	Cochran	Bossier City	QC	Aliquam.vulputate.ullamcorper@amalesuada.org	(783) 105-0989		true					true	true	true	
14	OVQ88RKY	Mallory	Farrell	Villa Park	ID	vel.est@velitegestas.edu	(711) 160-7386						true			false	
15	OWU78MTR	Scarlett	Mayer	Gadsden	GA	lorem.ipsum@Vestibulumante.com	(189) 882-8412	true	false	true			true			true	
16	ZMG93CDD	Kieran	Drake	Hot Springs	BC	molestie.tellus@dapibusgravidaAliquam.com	(192) 914-0016		true	true		false		true	true		false
17	WWZ18EOX	Cody	Moss	Mobile	ON	dolor.nonummy@ipsumdolorsit.ca	(412) 488-2896	false	false					false		false	false
18	VDP05MXU	Germaine	Valdez	Kokomo	WY	cursus.Integer@arcuVestibulumante.com	(998) 879-8668		true	true		true	true		false	true	true
19	CXQ97IWP	Amal	Landry	Lomita	NT	euismod@turpis.org	(891) 526-1468		false	true		true			false	false	true
20	VJT98ZQY	Jane	Dyer	Sharon	NH	et@Nunclaoreet.ca	(411) 638-5867		true		false		false			true	false
21	JEO48YJJ	Ralph	Bird	Charlotte	NM	justo.nec.ante@quismassa.edu	(599) 126-0366		false	false		false		true	false		true
22	RHT62AGI	Hermione	Trevino	Walnut	WI	non.justo.Proin@ametconsectetuer.edu	(245) 110-6540		true		false	false			true	false	
23	HOH86KXG	Vielka	Glass	Fort Worth	MB	non.ante.bibendum@porttitortellus.org	(170) 580-0881							true			
24	KJQ48LNY	Driscoll	Herring	Buffalo	CT	eros@blanditatnisi.org	(219) 705-8986				true			true	false	true	
25	IFJ28JVS	Ezra	Perry	Florence	NU	et@Nuncquisarcu.org	(818) 374-8925		false	false			true				
26	XBG73AGE	Wing	Jennings	Roswell	WI	non@enimsitamet.edu	(906) 717-9510	false	true							false	true
27	KOY02CVE	Martina	Wiley	El Cerrito	NT	augue@Donec.ca	(163) 567-9422		true		false	false	true		true		true
28	GOK50CHC	Kellie	Mcdowell	Henderson	NU	cursus@pedeacurna.edu	(409) 921-6869			true							
29	HUH27PKK	Helen	Avery	Garland	PE	in.faucibus.orci@ultrices.edu	(385) 925-3875		false		true				true	false	
30	HMF84NKS	Guy	Cochran	Effingham	NU	Nullam.enim@Maecenas.com	(757) 207-0052		true			true					
31	DCF82GRJ	Emerald	Chan	Nenana	NU	fermentum@asollicitudin.ca	(329) 235-3570			false		true			false		false
32	BFR93AMT	Macy	Dunlap	Ruston	OH	magnis.dis.parturient@iaculisodioNam.edu	(774) 511-4516	true	true				false	true			false
33	PFD07GEF	Shafira	Glenn	Starkville	WA	at@Duis.com	(313) 679-6310	true	false	true	true	false	false				true
34	SYS05NZE	Tamekah	Caldwell	Connellsville	NY	sapien.molestie.orci@Vestibulumaccumsan.edu	(209) 400-4636			false	false					false	
35	QRV60YSK	Kitra	Blanchard	Bellflower	SK	quam@facilisisvitaeorci.ca	(319) 837-9364	false					false	true		false	
36	AOA93JSJ	Quemby	Glenn	San Marino	RI	mauris@magnaUt.com	(950) 546-9951					false	false		false		true
37	ETK12XWE	Renee	Hardin	Gardena	YT	risus.Donec.egestas@Suspendissecommodo.edu	(337) 469-2711	false			false				true	true	
38	ZID76UPY	Lana	Ruiz	Bradbury	BC	molestie.dapibus@Morbinequetellus.org	(479) 270-8296		true	false		false			true	false	true
39	VGN74HUG	Lana	Ross	Vicksburg	NH	mi.lorem@nunc.edu	(124) 868-4475				false	false	true				false
40	ZUN45DHB	Lev	Albert	New Brunswick	MT	porttitor.tellus@tempor.ca	(968) 686-8596		false	false	true		false		false	false	
41	KJZ19UUX	Gloria	Rodriguez	Methuen	PE	et.netus.et@enim.ca	(632) 166-9054		true	true	true	true	true		false	false	false
42	GJJ53BFI	Britanni	Rojas	Pueblo	NC	enim.gravida@placerataugue.edu	(391) 928-5730			true					true		
43	FQH35NEC	Daniel	Levine	Chattanooga	ON	et.tristique@penatibuset.org	(417) 343-8139			false	false	true	false	false		true	true
44	PCT24DQH	Ezra	Woods	Coral Springs	PE	in.lobortis.tellus@bibendumDonecfelis.edu	(417) 591-6305				false		true		false		
45	ILZ19ZGO	Erica	Fowler	Baldwin Park	NL	arcu.Vestibulum@Sedet.org	(574) 580-1144		true		false		false				false
46	GKA79VTB	Winifred	Cherry	Little Rock	MB	lorem.fringilla.ornare@Cras.ca	(253) 672-9044	true	false	false				true	false		
47	IIK79DYX	Cara	Hampton	Hidden Hills	AB	quis@sitamet.edu	(776) 152-8573	true	true	false	false				false	false	false
48	RPX37LOP	Yardley	Farrell	West Covina	TX	morbi.tristique@tortor.ca	(422) 145-8712	false	false		true	true	false		false	true	
49	TNP95CNK	Sigourney	Peterson	Phenix City	AK	ornare.facilisis.eget@sociisnatoquepenatibus.edu	(716) 869-7786	false		false		false	true		true	true	true
50	AKT72KRB	Chase	Lamb	Norton	BC	lectus.convallis@suscipitest.com	(300) 812-5915	true	false	false		false		false		true	
51	YQL95PGC	Kirby	Irwin	Olean	MB	dui@Curabituregestas.org	(487) 980-0886		true	true		true	false		false		true
52	ZKS73PUJ	Jocelyn	Montgomery	Alameda	TX	ridiculus.mus.Proin@augue.ca	(176) 496-9482					false				true	
53	RHV26VXQ	Deborah	Reyes	Torrance	ON	lacinia.mattis@tempor.ca	(191) 534-8337	false			false	false			false		
54	IOU50DXZ	Keith	Dennis	Providence	MB	libero@ultricesVivamusrhoncus.ca	(492) 702-4360	false				false	false		false		
55	NNU82WBS	Dacey	Norman	Rolling Hills	BC	Nulla.tincidunt@ametconsectetueradipiscing.ca	(847) 867-4990		true	false	true		false				false
56	MHU11LZP	Howard	Wiley	Oklahoma City	NU	accumsan@vulputateullamcorper.ca	(277) 315-5682		false	true	false	false	true	false	false	false	true
57	EWK81OLS	Coby	Fuller	Williamsport	MO	purus.Duis.elementum@inmagnaPhasellus.ca	(656) 549-2454		false	true		true		true	true	false	
58	DYP75ASU	Kasimir	Dudley	Fairbanks	MI	egestas.a.scelerisque@utnisi.edu	(505) 893-6588	true								false	true
59	LJS91QHU	Colette	Clay	Oxnard	AK	dictum.augue.malesuada@arcueu.edu	(940) 798-8341		true	true	true	true	true			true	
60	RGR79QRV	Wesley	Casey	Waukegan	MB	diam.luctus.lobortis@ut.ca	(895) 814-9925				true	false	true			false	false
61	FQZ74DGJ	Brittany	Levine	Topeka	NT	nibh.Donec.est@et.ca	(786) 614-7801	false			false				false	false	
62	ZBE56HCI	Chase	Chase	Lebanon	IN	vehicula@Curabitur.org	(510) 428-3464	false					false		false	true	
63	QOY69EOH	Liberty	Ellison	Port Arthur	NB	vitae@bibendum.ca	(215) 531-0489	true	false	false		false				true	
64	WMG49PPZ	Ainsley	Jenkins	Yigo	CO	ridiculus.mus@duiCumsociis.com	(897) 194-4114			true	false			true	false		
65	ZIX73XEV	Allegra	Ford	Durant	NE	augue.scelerisque@pellentesque.edu	(512) 399-1427	false	false		true	false	false	false	false	true	
66	TZE02EAL	Miranda	Duncan	Corvallis	MA	tellus.Aenean.egestas@Cumsociis.com	(294) 268-7963			false	false		false		false		true
67	TWU10MZT	Herman	Myers	Basin	PE	Mauris@neque.com	(471) 895-6189	true	true		true	false		false	true		true
68	NIP61OFT	Piper	Barrett	Pendleton	NU	non@Nunc.ca	(952) 503-3754	false	true	true		true		true	true		
69	RCU95VIX	Knox	Snider	Hartford	MB	dictum@Morbi.org	(919) 878-3610	false	true				true	true		false	
70	BAL08EYF	Sierra	Berg	Falls Church	ON	elit.pede@ipsumdolorsit.org	(832) 809-9193			false			false	false	true	true	
71	DIE31HJC	Jaime	Fleming	Jeffersontown	MO	massa@purus.ca	(646) 109-9784		true	true	false		true				
72	EUZ88BTS	Rajah	Martin	Brunswick	GA	sollicitudin.a@Nuncut.edu	(986) 509-5037		false	true	true		false	true			false
73	JVA02BZU	Benedict	Francis	Marshall	NL	fermentum@Nam.ca	(664) 620-8510	false			false		true	true	false		
74	RCY16FGO	Randall	Hayden	Nichols Hills	NB	libero.mauris@lobortisrisus.com	(169) 758-6995					true			false		false
75	GZW27KBL	Eugenia	Zimmerman	West Haven	PE	dictum@euismodurna.ca	(209) 244-9857	true		false	false			false	false		true
76	UWR70CFA	Walter	Pacheco	Saint Joseph	MN	Vivamus.sit@fermentum.edu	(324) 625-1370		true	true		false		true	true		true
77	FYX65DFQ	Justina	Wells	Placentia	IN	Duis.ac@et.com	(953) 531-4965	false	false			true	true		true	false	
78	MBZ85IBZ	Dexter	Pacheco	Lock Haven	QC	Nulla@etmagnis.org	(394) 828-6178				false		true		true	false	
79	TKE12MZX	Matthew	Reilly	Rancho Palos Verdes	SK	metus@Lorem.org	(572) 508-4675	true									
80	UWC03FYT	Ruby	Mullen	Fort Wayne	NJ	nisi.nibh.lacinia@augue.com	(555) 756-9691		true			true				true	true
81	FNM72BJE	Priscilla	Foster	Fulton	QC	sed.hendrerit.a@elementum.org	(399) 929-1170				false					false	true
82	SHP62WQI	Aladdin	Haney	Huntington Park	CO	mi.enim.condimentum@arcuac.org	(976) 615-7719	true	false			true					
83	IGQ98TMP	Kirby	Mcfadden	Lynwood	NL	non.massa@sapienCras.ca	(429) 722-1849			false		true			true	false	
84	ALT91ZFJ	Tashya	Michael	Eugene	VT	ligula.Donec@Pellentesquehabitantmorbi.com	(576) 811-4606	true	false			true		false		false	
85	NUL15OGA	Deborah	Ellison	Port Orford	YT	id@Suspendisse.com	(806) 309-6587	true				false	true	true	false	true	
86	JEK04LAC	Xyla	Stuart	Stamford	QC	enim.gravida@atnisi.edu	(279) 268-8977				true		false	true		false	false
87	DUF19VXU	Reese	Merrill	Marietta	NC	odio.Nam@velarcuCurabitur.ca	(948) 934-4344	true	true		true	false	false	true	true		
88	XFG71PDO	Whitney	Mathews	Abilene	MS	eu.enim@suscipit.org	(863) 151-8147		true	false	false	false			true	false	
89	SZJ09XEV	Aidan	Miranda	Muncie	NT	scelerisque@euismodet.com	(225) 364-9590	true	true		false	false			false	true	
90	JFT95KJK	Yuli	Gordon	Lockport	PE	diam.eu@egestas.com	(253) 868-2942		false	false	false	false		true			
91	VHW10NAJ	Keaton	Hinton	Minot	NS	neque.tellus.imperdiet@Fuscealiquam.edu	(560) 728-9205				true	false		true		false	
92	HYP36WEQ	Brittany	Crane	Charlotte Amalie	MT	nibh@ut.com	(606) 574-8591	true			false	false	false		true		false
93	UND40VWX	Halla	Rosario	Yukon	NL	dictum@mi.org	(200) 340-0223			true	false	true	false	false			
94	TIJ86UXR	Ariana	Cobb	Baltimore	NB	In.nec.orci@semmagnanec.com	(432) 793-7979		true					true			
95	UML92KIA	Geraldine	Beck	Albuquerque	CO	magna@euligula.ca	(801) 596-7010		true	true	false			true			false
96	TVH83FMC	Destiny	Medina	Cudahy	NL	tempus.non.lacinia@tristiquepellentesquetellus.ca	(262) 452-8127			false		false		true		true	false
97	SXB93OEE	Palmer	James	Vancouver	SK	ornare.elit.elit@necmalesuadaut.ca	(561) 927-2931	true	true	true		false				false	
98	CSR16XYV	Timon	Flynn	West Palm Beach	AZ	aliquam@euarcu.edu	(643) 153-4117		false	true	true	false	false			false	true
99	IKK64ZYX	Blaze	Bradley	New Haven	NT	nulla.at@cursusa.ca	(466) 609-8359			true	true	true	true			false	
100	IQR92SXB	Allistair	Houston	Allentown	MB	placerat.eget.venenatis@velit.org	(156) 900-1995		true	true		false					true
101	LQN05OCS	Jasper	Ashley	Dalton	PE	et.magna@ametultriciessem.ca	(583) 698-6414		true	false			false			true	
102	QPK92KVX	Sierra	Watson	Henderson	YT	vel.lectus@acfeugiat.ca	(594) 618-7374			false		false	true	true	true	true	
103	IRL82OQA	Urielle	Glenn	Kettering	NY	risus.Morbi@venenatislacus.com	(484) 233-9294		false	true				true			true
104	BGQ43ZVI	Cecilia	Reynolds	San Gabriel	HI	amet.ante.Vivamus@mollis.org	(440) 127-2698	true	true				true			false	
105	XOG85OQU	Cora	Maynard	New Brunswick	QC	quam.Curabitur@veliteusem.edu	(935) 975-0633	false			false	true			true	false	false
106	JOU84NMP	Brock	Skinner	Winston-Salem	SK	Suspendisse@adipiscingelit.com	(367) 697-3636			true				false			false
107	HSY03VTR	Jocelyn	Bullock	Grand Junction	ON	Cras.dictum@velquam.org	(859) 140-4532		true	true			false			true	true
108	NRH47SMF	Chloe	Robles	Jordan Valley	ME	laoreet.ipsum.Curabitur@atlacus.com	(871) 386-5364		true	false	false	true	true			true	true
109	FPL38HZK	Lucian	Montgomery	Shawnee	WY	quis.pede.Praesent@et.ca	(225) 842-8797	true	false		false		true		true		
110	OHZ00MIX	Dara	Dixon	Philadelphia	TX	nisi.sem.semper@tempor.edu	(311) 339-1237				true	true	true		false	true	
111	XMN07VZX	Brock	Gill	North Tonawanda	MN	arcu.Vestibulum@augue.edu	(199) 935-7504	false		false	true		true			true	false
112	YRA96KNJ	William	Miller	Santa Fe	ON	eget.metus.eu@montesnascetur.ca	(137) 873-0128	false	false				true		false		
113	WDE69ZZZ	Bethany	Christensen	Sonoma	MN	nec.metus@neceleifend.com	(701) 635-6866	false	false	false	true		false	true	false	true	true
114	BPO22XTW	Preston	Harding	Meadville	ON	Nullam.lobortis.quam@Nunc.ca	(465) 740-5900	true			true		false				
115	NWN06ZDD	Theodore	Castaneda	Davenport	PE	tristique@nuncInat.ca	(835) 349-5612		true	true	true	true		false	false		false
116	IUM80YVR	Lani	Wilder	Vernon	WI	ultrices.sit@Maecenaslibero.edu	(584) 675-3089				false	true	true	true	false		false
117	KFF87ALE	Bell	Fitzpatrick	Boise	BC	ante.blandit.viverra@variuset.edu	(459) 405-2266								true	true	
118	OOX48YZD	Danielle	Obrien	Rock Springs	OR	consectetuer.adipiscing@sapiencursusin.com	(187) 712-5771	false	false						false		true
119	WVL55OVC	Gareth	Martinez	Danbury	OK	consectetuer.adipiscing.elit@odio.ca	(260) 985-5960	false	true	false			true		false	false	
120	DMJ24GUZ	Chiquita	Hubbard	Alhambra	PA	felis.purus@tellusnon.ca	(674) 513-0403	true	false		false	true	true	true	true	false	true
121	AQI41NWD	Aaron	Smith	Malden	QC	Nulla@metusInlorem.edu	(357) 322-0822	true			true	true	false			true	
122	ALY77FAU	Aurelia	Ferrell	Attleboro	YT	rhoncus.Proin@consequat.ca	(795) 320-3562	false		false	false			false		true	
123	QZR22XGQ	Jarrod	Stephens	Tucson	MB	a@dui.ca	(481) 863-2600	true	true	true			true	false	true		
124	RNM82CGO	Rama	English	Monterey	ON	ac.facilisis@tellus.edu	(238) 209-0827	true			false	false		true	false		
125	NMK46LIS	Eugenia	Mitchell	Lock Haven	MT	Phasellus.nulla.Integer@sit.com	(895) 694-5190		true					false			true
126	RTV23TTY	Stacey	Norman	Williamsburg	NY	urna@hendreritDonec.ca	(879) 754-1264						true				
127	JAQ37EUX	Guy	Holloway	Hope	WA	aptent.taciti@scelerisqueduiSuspendisse.com	(192) 914-3979				false		true		true	false	false
128	JWL67QDE	Kieran	Torres	Benton Harbor	PE	in.faucibus.orci@velconvallisin.edu	(478) 291-9889	false		true			false		true	false	false
129	JCE22ELF	Zenia	Giles	Chandler	NU	luctus.felis.purus@sitamet.ca	(648) 695-1614		false	false	false	true			true		
130	ZQC82ALK	Nayda	Mcgee	Santa Rosa	HI	elementum.at@felisullamcorperviverra.edu	(230) 145-5906	true	true	false	true	false	false		true		
131	UNX85IKD	Dylan	Lamb	Rome	NB	scelerisque.sed.sapien@nectempusmauris.ca	(603) 200-8725			false		false				false	
132	FXH60JQV	Bo	Trevino	Hawaiian Gardens	RI	libero.Proin.sed@miDuisrisus.org	(420) 536-7711			true	false	true					false
133	LBN45WCH	Maryam	Finch	Hope	RI	mattis.Cras@aliquamenimnec.org	(329) 734-0178	true				true	false		true		
134	ESW14FPM	Heidi	Fernandez	Fort Worth	HI	Donec@luctus.edu	(209) 316-1986		false		true		true		true		
135	RKV66ZIW	Teegan	Caldwell	Laramie	NB	nec.leo@Cras.org	(695) 437-3200	true	true	false	true	false		true			
136	BAB64JJV	Luke	Hess	Terre Haute	FL	amet@et.com	(818) 705-2376	true	true	false		true	false	true		false	true
137	MJT20WWI	Carla	Mendez	Alamogordo	MI	arcu.Morbi@dui.org	(853) 933-2833		true	false	true		true				
138	XVI27SQB	Kenyon	Whitaker	Kankakee	SK	viverra.Donec@purusac.com	(460) 185-1775	false		true				true		true	false
139	DAU10PTG	Garrett	Howe	Rockford	BC	scelerisque.scelerisque.dui@acurnaUt.com	(343) 532-7496		false	true		false	false			true	
140	BLA39IRS	Richard	Mcpherson	Hermitage	QC	gravida.sit.amet@ullamcorper.ca	(837) 956-9817		false	false		false	true	true		true	true
141	RRB46OBP	Howard	Day	Honolulu	NT	metus.facilisis.lorem@Quisquevarius.ca	(458) 915-1828	true	false	true	true	true	false	false			true
142	WDH70KHF	Dante	Leblanc	Beaumont	MA	iaculis.aliquet@aclibero.ca	(598) 791-9159	false	false	true		false			true		true
143	ABS88QAU	Raphael	Leon	Roseville	PA	quis.diam.luctus@amet.edu	(902) 343-0472	true			true		true				
144	UCX04JKN	Ria	Cline	Reedsport	OR	neque.tellus.imperdiet@Ut.ca	(225) 768-1687	true	true	true		true	false	false	true		true
145	STB25RBQ	Frances	Trujillo	Honolulu	NV	amet.risus.Donec@arcuiaculis.edu	(517) 661-5233	false							false		true
146	YAU66LUD	Martena	Conway	Liberal	MD	Donec@vulputateullamcorpermagna.org	(388) 592-3962	false				false		true		true	
147	ONQ40ORK	Lacey	Gallegos	Plymouth	NY	quis.urna@Phasellusfermentumconvallis.edu	(504) 480-6165				true					true	true
148	CIU56POH	Rajah	Dillon	Spokane	OK	ipsum@maurisrhoncus.com	(757) 360-3602	true		true	false		true	false			
149	SVY40ONL	Dillon	Lang	Quincy	QC	nec.tempus.mauris@fermentum.ca	(507) 278-5307	false						false		true	true
150	VEZ53SJW	Bradley	Hood	North Chicago	ON	placerat.augue.Sed@tristique.edu	(514) 574-7416		false		true		true		false		
151	GWZ63SBC	Brittany	Colon	Saipan	NB	Nunc.mauris@luctusipsum.edu	(869) 774-5985		false	false		true			true		
152	HWA16TQE	Nathan	Kinney	Racine	DC	Quisque@nondapibusrutrum.edu	(506) 243-1053		true		true					true	false
153	BLE66OZT	Lysandra	Mays	Bradford	NJ	lacinia.at@conguea.com	(989) 933-0389		true			false			true	false	
154	WLQ73YDJ	Diana	Wynn	Fort Smith	NS	gravida@acfacilisisfacilisis.org	(579) 799-5849		true	true		false		true	false	true	false
155	IOE23BFW	Travis	Oconnor	Shelton	VT	velit.egestas.lacinia@aliquet.org	(956) 732-3300			true		false	true	true		false	true
156	TWM35VPY	Clare	Nelson	Weymouth	NU	libero.lacus@mollis.org	(883) 482-8410		false	false	false	true	false	false	true	true	false
157	FWJ53FTF	Maile	Spencer	Fountain Valley	YT	Curabitur@acmi.ca	(243) 614-2118		true	true			false	true		true	
158	HMD60GBJ	Hanae	Cross	Champaign	NS	Quisque.imperdiet@nuncnullavulputate.ca	(927) 205-2037		true		false	false	true		true	true	
159	NFS23UVO	Ryan	Chambers	Elko	MB	In@duiFuscediam.org	(524) 466-1236			false				false	false		
160	NOO90FQE	Jade	Barry	Seattle	VA	orci.Ut@semperpretium.ca	(730) 223-7375			false	true	false		false	true	false	
161	ZDA02GKA	Malik	Conner	New Castle	KS	urna@elementumategestas.ca	(513) 316-9160	false			true			false			
162	AQN39SAW	Sean	Nichols	West Covina	NT	arcu@a.ca	(600) 363-2963				false	true		false			true
163	OGO65EXV	Carissa	Lang	Cheyenne	MN	Nunc@quis.edu	(920) 474-7294	false	false	true	false			true		false	
164	LIP56JZK	Micah	Walton	San Mateo	MD	scelerisque.neque.Nullam@odio.org	(799) 765-1715		true						false	false	
165	TEY68OEB	Gray	Gay	Moraga	TN	ante@rhoncus.com	(585) 913-7389	true	true	false	false	true	true		true		true
166	AMI53NXC	Sheila	Pena	Asheville	MT	Sed.id@eu.org	(602) 554-2478		true	false			false		false	true	
167	KXI64VCR	Eleanor	Santana	Lynchburg	PE	diam.at.pretium@sedtortorInteger.org	(346) 492-9117			true	true	false	true	true	false		
168	EMS88QBU	Phyllis	Dodson	Missoula	ND	magna.Phasellus@loremlorem.ca	(668) 464-2966		true	true	false	false		false	true	false	
169	AYQ83HGO	Deborah	Watts	Cranston	NS	non@quamdignissimpharetra.ca	(400) 392-9599	true		true				true	true	true	true
170	NBO53LVI	Amy	Saunders	Frederiksted	YT	dolor.elit.pellentesque@arcu.com	(374) 461-3689			false	false	false					false
171	EDA64STV	Hannah	Neal	Revere	PE	Quisque@mattis.com	(189) 723-1969	true		true		false	false	true		false	
172	UKK70QBF	Kitra	Mueller	College Station	NL	Cras@a.edu	(790) 996-3146	false					true				true
173	VRV86TNA	TaShya	Wilkins	Palo Alto	NT	eu.turpis@vitae.com	(560) 400-7825	false		false		false	true	true	true		
174	OUI61JQY	Carla	Simpson	Lynn	WI	nunc.id@ornare.org	(962) 642-3454	false		true	true						
175	QBL87XAD	Emmanuel	Mann	Myrtle Beach	SC	Proin.vel@tortor.edu	(652) 752-8558	false		false	true				true		
176	FTY44NTI	Beck	Francis	Cape May	ND	dui.lectus@dictumsapienAenean.edu	(272) 101-6956		true	false				false		true	
177	UKV94WEC	Rachel	Pruitt	Saint Paul	OH	magna.Nam.ligula@enim.ca	(274) 657-6972			false	false			false	true	false	true
178	FSR62FMY	Cadman	Contreras	Connellsville	NL	libero.Proin.sed@erat.edu	(592) 583-1313	false	true	false	true	true			false		false
179	MDD75AAS	Herman	Cook	Belpre	IN	pede@amalesuadaid.ca	(790) 605-5389	true			false		false	true	false	true	
180	STX83XIX	Elvis	Burton	Utica	NB	eget.lacus@vitaedolor.com	(758) 207-8265			false			false		true		
181	DXD90ESW	Hillary	Herman	Highland Park	AK	nulla.Donec.non@estmauris.edu	(948) 478-9337	true	false			false	false	false			false
182	TYR53KMJ	Owen	Serrano	Catskill	NB	ultrices.mauris@egestasadui.edu	(547) 511-5412				true				false		
183	PRR31VLU	Ebony	Montoya	Avalon	PE	Integer@Etiamlaoreetlibero.org	(888) 713-3349	true	false						false		
184	TVX65AZX	Hermione	Jacobs	Sierra Madre	YT	Vestibulum@non.ca	(582) 514-4465	true		true	true	true		false	true		
185	YRT11WQP	Gary	Gentry	Cincinnati	AK	in@ullamcorperDuis.com	(574) 835-4376		false				true		true	true	
186	AMK43TAW	August	Roberts	Madison	NU	eu.placerat.eget@maurisutmi.edu	(485) 280-0466		true	false				true		false	true
187	EFN74KTN	Serina	Haley	Corpus Christi	NJ	neque@justo.org	(270) 240-5376		false	true	false			false		true	
188	EQD28PGJ	Timothy	Wilkins	Barrow	LA	vitae.posuere@Donecest.org	(946) 691-0385	false	false				false	true	true		
189	HYV96TBP	Belle	Terrell	College Park	CA	Nunc@Integerinmagna.com	(192) 250-6024		false		false	false		false	false		
190	LHU64ISD	Irene	Alston	Mequon	NU	odio.Aliquam.vulputate@liberoIntegerin.com	(676) 228-8619	false		false	false	true	true			true	false
191	XDA52HJC	Xerxes	Lott	Apple Valley	YT	facilisis@acmattis.com	(379) 111-4890		false		true	true		false	false	false	true
192	QZI60NTM	Georgia	Pratt	Lincoln	PE	arcu@auctorvitaealiquet.ca	(782) 176-9031	true	true		true			true	false		
193	VSW07PUQ	Louis	Brown	Rolling Hills	AL	placerat@pharetrautpharetra.edu	(121) 999-7108		true	true	false	false			true	true	true
194	ZOV05VBH	Abra	Bond	Columbus	CT	sollicitudin@lacuspedesagittis.org	(315) 920-6876		true			true		false	true		false
195	MWK08RDN	Kathleen	Sparks	Chesapeake	GA	ligula.Nullam.feugiat@risusDonec.com	(204) 196-9809			true		true	true	true	true	false	true
196	MEY91XOE	Nora	Mitchell	Carson	WV	viverra.Donec@luctus.edu	(709) 287-9430				false	true	true		true		true
197	GLV16SYO	Beverly	Gilbert	Monongahela	NS	vulputate@pellentesquetellus.edu	(478) 178-5417			false			false				true
198	AIO93JTY	Reece	Tucker	Pendleton	SD	enim.Sed@Inscelerisquescelerisque.ca	(154) 585-6356		true	true	false			false		true	
199	QFW17UQL	Bevis	Dale	Cedar Falls	NY	at.iaculis.quis@Duisvolutpat.ca	(971) 232-3589	false	true		true		true				false
200	WQU08CGE	Nathan	Blackwell	Clarksburg	ID	nisl.arcu@sodalesMauris.edu	(930) 572-7946	true	false			false		true			false
